nickname,xp,lastActivity,photoCount,age
suscipit,549,1717415159000,3,17
nihil,691,1717414511000,2,13
ancilla,770,1717412884000,3,11
sodalitas,317,1717412113000,3,5
contigo,374,1717411175000,1,15
eveniet,168,1717410409000,3,2
textus,352,1717410076000,1,1
vinco,418,1717407719000,2,8
amplexus,443,1717406404000,1,17
sordeo,290,1717404875000,1,10
templum,480,1717402751000,2,8
comedo,251,1717401201000,3,17
maiores,153,1717400357000,1,6
depulso,628,1717398977000,2,0
conor,154,1717398515000,2,12
bonus,81,1717396672000,4,12
acervus,961,1717396386000,2,7
comptus,504,1717395862000,0,15
viduo,204,1717395458000,2,3
turbo,508,1717393673000,1,14
celer,229,1717392232000,3,9
velum,532,1717391475000,3,1
cognatus,68,1717385497000,3,15
voluptatem,292,1717383382000,0,7
communis,81,1717381742000,2,16
tyrannus,552,1717374726000,3,12
aestus,17,1717372756000,1,7
abstergo,782,1717372732000,2,0
brevis,984,1717371927000,1,8
administratio,598,1717369934000,2,6
adeptio,209,1717368967000,0,2
voluptatum,987,1717368785000,0,15
veniam,264,1717366946000,2,0
solio,264,1717366339000,3,11
calco,234,1717366316000,1,9
comitatus,393,1717364537000,2,11
amplitudo,156,1717363332000,1,3
pel,214,1717361602000,4,0
quae,286,1717359815000,2,9
thorax,587,1717359301000,1,3
laudantium,475,1717358408000,2,4
creator,159,1717355821000,2,6
nulla,704,1717355028000,2,16
amplus,753,1717352338000,2,5
absorbeo,733,1717351591000,3,7
audentia,628,1717348878000,1,0
sopor,93,1717341166000,6,14
virtus,415,1717335846000,0,6
admitto,469,1717333055000,2,0
allatus,959,1717330924000,5,1
